{
  "best_metric": null,
  "best_model_checkpoint": null,
  "epoch": 2.857142857142857,
  "global_step": 2000,
  "is_hyper_param_search": false,
  "is_local_process_zero": true,
  "is_world_process_zero": true,
  "log_history": [
    {
      "epoch": 0.71,
      "learning_rate": 0.0009523809523809524,
      "loss": 1.6997,
      "step": 500
    },
    {
      "epoch": 1.43,
      "learning_rate": 0.0009047619047619047,
      "loss": 1.275,
      "step": 1000
    },
    {
      "epoch": 2.14,
      "learning_rate": 0.0008571428571428571,
      "loss": 1.1305,
      "step": 1500
    },
    {
      "epoch": 2.86,
      "learning_rate": 0.0008095238095238096,
      "loss": 1.0075,
      "step": 2000
    }
  ],
  "max_steps": 10500,
  "num_train_epochs": 15,
  "total_flos": 29255435863557120,
  "trial_name": null,
  "trial_params": null
}
