{
  "best_metric": null,
  "best_model_checkpoint": null,
  "epoch": 10.869269949066213,
  "global_step": 2000,
  "is_hyper_param_search": false,
  "is_local_process_zero": true,
  "is_world_process_zero": true,
  "log_history": [
    {
      "epoch": 2.72,
      "learning_rate": 4.3206521739130434e-05,
      "loss": 1.6406,
      "step": 500
    },
    {
      "epoch": 5.43,
      "learning_rate": 3.641304347826087e-05,
      "loss": 1.1375,
      "step": 1000
    },
    {
      "epoch": 8.15,
      "learning_rate": 2.9619565217391305e-05,
      "loss": 0.9663,
      "step": 1500
    },
    {
      "epoch": 10.87,
      "learning_rate": 2.282608695652174e-05,
      "loss": 0.8657,
      "step": 2000
    }
  ],
  "max_steps": 3680,
  "num_train_epochs": 20,
  "total_flos": 67596719414132736,
  "trial_name": null,
  "trial_params": null
}
