{
  "best_metric": null,
  "best_model_checkpoint": null,
  "epoch": 5.434634974533107,
  "global_step": 2000,
  "is_hyper_param_search": false,
  "is_local_process_zero": true,
  "is_world_process_zero": true,
  "log_history": [
    {
      "epoch": 1.36,
      "learning_rate": 9.320652173913044e-06,
      "loss": 2.7392,
      "step": 500
    },
    {
      "epoch": 2.72,
      "learning_rate": 8.641304347826088e-06,
      "loss": 1.8333,
      "step": 1000
    },
    {
      "epoch": 4.08,
      "learning_rate": 7.961956521739131e-06,
      "loss": 1.6584,
      "step": 1500
    },
    {
      "epoch": 5.43,
      "learning_rate": 7.282608695652175e-06,
      "loss": 1.5616,
      "step": 2000
    }
  ],
  "max_steps": 7360,
  "num_train_epochs": 20,
  "total_flos": 57406501428415488,
  "trial_name": null,
  "trial_params": null
}
