{
  "best_metric": null,
  "best_model_checkpoint": null,
  "epoch": 10.869269949066213,
  "global_step": 2000,
  "is_hyper_param_search": false,
  "is_local_process_zero": true,
  "is_world_process_zero": true,
  "log_history": [
    {
      "epoch": 2.72,
      "learning_rate": 0.0008641304347826086,
      "loss": 1.1412,
      "step": 500
    },
    {
      "epoch": 5.43,
      "learning_rate": 0.0007282608695652175,
      "loss": 0.7125,
      "step": 1000
    },
    {
      "epoch": 8.15,
      "learning_rate": 0.0005923913043478261,
      "loss": 0.5445,
      "step": 1500
    },
    {
      "epoch": 10.87,
      "learning_rate": 0.00045652173913043474,
      "loss": 0.4301,
      "step": 2000
    }
  ],
  "max_steps": 3680,
  "num_train_epochs": 20,
  "total_flos": 114746035496896512,
  "trial_name": null,
  "trial_params": null
}
